Vendor,Report Period,TSC,CUEC,ACME Mapping,Status,Notes
{{DATA_STORE}},2025-04-01 to 2026-03-31,"CC 6.1, C 1.1",Understand classification of data uploaded; confirm controls provide adequate protection,Information Classification Policy §2 (Restricted),Confirmed,Customer AI conversation data is Restricted per our classification
{{DATA_STORE}},2025-04-01 to 2026-03-31,"CC 6.1, CC 6.2, CC 6.3",Identify/authorize/review/remove access to {{DATA_STORE}} account incl. API keys,"AC-04, AC-07, AC-09 / Access Control Matrix",Pending,Confirm ACME users in {{DATA_STORE}} are documented in Access Control Matrix
{{DATA_STORE}},2025-04-01 to 2026-03-31,CC 6.1,Strong passwords for database users,Password Policy,Confirmed,Federated via {{IDP}} where supported; standalone accounts meet Password Policy
{{DATA_STORE}},2025-04-01 to 2026-03-31,"CC 6.1, CC 6.2, CC 6.3",Enforce MFA for all users accessing {{DATA_STORE}} tenant incl. DB admins and service accounts,AC-03 / Access Control Policy §2,Pending,Verify {{DATA_STORE}} user MFA enforcement; if federated to {{IDP}} MFA flows through
{{DATA_STORE}},2025-04-01 to 2026-03-31,"CC 6.1, CC 6.3",Manage service account/machine identity lifecycle; rotate credentials; least-privilege for non-human identities,Access Control Policy §7,Pending,Confirm {{DATA_STORE}} service accounts in Access Control Matrix with rotation cadence
{{DATA_STORE}},2025-04-01 to 2026-03-31,"CC 6.1, CC 6.3",Restrict privileged (admin-level) database access; review periodically,Access Control Policy §4,Pending,{{SECURITY_OWNER}} holds admin access; covered by annual review
{{DATA_STORE}},2025-04-01 to 2026-03-31,CC 6.6,Ensure connect/upload/download methods are secure,Encryption Policy,Confirmed,TLS in transit per Encryption Policy
{{DATA_STORE}},2025-04-01 to 2026-03-31,"CC 7.1, CC 7.2",Periodically review {{DATA_STORE}}-provided audit logs (query/access/admin),Incident Response Policy §1 (logging/alerting),Pending,For Type I design is enough; for Type II would need evidence of review
{{DATA_STORE}},2025-04-01 to 2026-03-31,"CC 7.2, CC 7.3, CC 7.4",Configure own SIEM/alerting for IOCs in tenant — unusual query volumes/large exports/unexpected network locations,IR Policy §1 (alerts),Pending,Currently no tenant-specific SIEM; document as accepted risk or add Cloud Monitoring alert on {{DATA_STORE}} access patterns
{{DATA_STORE}},2025-04-01 to 2026-03-31,"CC 8.1, CC 5.3",Apply change management to schema and config changes within {{DATA_STORE}} environment,Change Management Policy,Pending,Schema changes go through standard PR workflow; confirm documented
{{DATA_STORE}},2025-04-01 to 2026-03-31,A 1.2,Restore from backup for scenarios within customer control (accidental deletion/modification/overwrite),BCP/DR Policy §4 / backup-recovery-runbook.md,Pending,Annual restore test commitment in policy; {{DATA_STORE}} restore step in runbook
{{DATA_STORE}},2025-04-01 to 2026-03-31,"C 1.1, C 1.2, PI 1.5",Set retention schedules; delete data when no longer needed,Data Retention Policy,Confirmed,Retention defined per data category
{{DATA_STORE}},2025-04-01 to 2026-03-31,"PI 1.4, PI 1.5",Verify uploaded data is complete and accurate,N/A,N/A,Out of scope — PI TSC not in ACME audit scope
{{DATA_STORE}},2025-04-01 to 2026-03-31,CC 6.1 (BYOC only),Customer-managed encryption key management,N/A,N/A,Not using BYOC; standard {{DATA_STORE}}
{{MODEL_PROVIDER}},2025-01-01 to 2025-06-30,CC2.3,User entities are expected to implement controls to comply with their contractual obligations to {{MODEL_PROVIDER}}.,"Vendor Management Policy; AC-01 (acceptable use); legal review of {{MODEL_PROVIDER}} API Services Agreement, DPA, and Enterprise terms",Pending,Confirm current signed agreement on file and that scope of data sent matches DPA processing instructions
{{MODEL_PROVIDER}},2025-01-01 to 2025-06-30,CC2.3,User entities are expected to implement controls to notify {{MODEL_PROVIDER}} of changes made to the administrative contact information.,Vendor Management Policy; AC-02 (account ownership register),Pending,Confirm {{MODEL_PROVIDER}} workspace admin contact is a current employee and a role-based alias is on file
{{MODEL_PROVIDER}},2025-01-01 to 2025-06-30,"CC2.3, CC7.3-CC7.4",User entities are expected to implement controls to report issues with {{MODEL_PROVIDER}}'s systems and platforms.,IR Policy; AC-15 (vendor incident escalation runbook),Pending,Confirm {{MODEL_PROVIDER}} status page and security contact are referenced in IR runbook for AI-vendor incidents
{{MODEL_PROVIDER}},2025-01-01 to 2025-06-30,CC6.1-CC6.3,"User entities are expected to implement controls to provide reasonable assurance that user access, including provisioning and deprovisioning, are designed appropriately and operating effectively.","Access Control Policy; AC-03 (JML), AC-04 (MFA/SSO), AC-05 (access reviews), AC-08 (API key inventory and rotation), Encryption Policy (key custody)",Pending,"Confirm SSO on {{MODEL_PROVIDER}} workspace, MFA for any local admins, API keys inventoried with owners and rotation cadence, and {{MODEL_PROVIDER}} admins included in quarterly access review"
{{DATA_STORE}},2025-10-01 to 2026-03-31,"Security, Availability, Confidentiality","{{DATA_STORE}} explicitly states no formal CUECs are required: ""complementary user entity controls are not required, or significant, to achieve the principal service commitments and system requirements"" (Section 3, page 22). Shared-responsibility model applies — customer must still fulfill its tenant-side obligations.",N/A — see shared-responsibility rows below,Acknowledged,"No enumerated CUECs in report. The rows that follow are ACME's inferred shared-responsibility obligations under {{DATA_STORE}},  not auditor-asserted CUECs."
{{DATA_STORE}},2025-10-01 to 2026-03-31,Security,Customer is responsible for enforcing MFA on {{DATA_STORE}} organization / project users and managing federated identity (SSO) for {{DATA_STORE}} console access.,Access Control Policy AC-02 / AC-07,Covered,{{DATA_STORE}} org federated to {{IDP}}; MFA enforced via Workspace. Confirm in Access Control Matrix.
{{DATA_STORE}},2025-10-01 to 2026-03-31,Security,Customer is responsible for provisioning and rotating database users (SCRAM / X.509 / AWS-IAM auth credentials) — these are a separate population from {{DATA_STORE}} console users and do not have MFA.,Access Control Policy AC-03 / AC-06,Open,Add database users to Access Control Matrix with rotation cadence; treat as service accounts.
{{DATA_STORE}},2025-10-01 to 2026-03-31,Security,"Customer is responsible for configuring network access to {{DATA_STORE}} clusters via IP allowlist and/or private endpoint ({{CLOUD_PROVIDER}} Private Service Connect or equivalent cloud private link). {{DATA_STORE}} default denies all network traffic.",Access Control Policy AC-17 / Network Security,Open,Document which clusters use IP allowlist vs. private endpoint; verify no 0.0.0.0/0 entries.
{{DATA_STORE}},2025-10-01 to 2026-03-31,Confidentiality,Encryption at rest is enabled by default on {{DATA_STORE}} clusters ({{DATA_STORE}} control C1.1.2). Customer is responsible for opting in to customer-managed keys (CMK / BYOK) via KMS if required for regulated workloads.,Encryption Policy EN-02,Covered,Default platform encryption is sufficient for ACME's current data classification. CMK not required.
{{DATA_STORE}},2025-10-01 to 2026-03-31,Availability,Customer is responsible for selecting an {{DATA_STORE}} cluster tier that supports the required backup capability. Point-in-Time Restore (PITR / continuous backup) is available only on M10 or higher clusters; shared tiers (M0/M2/M5) get snapshot-only backups.,BCP/DR Policy BCP-04,Open,"Inventory ACME cluster tiers; if any production data is on shared tiers,  accept the RPO gap in writing or upsize to M10+."
{{DATA_STORE}},2025-10-01 to 2026-03-31,Availability,Customer is responsible for performing its own restore testing of {{DATA_STORE}} backups as part of its BCP/DR program ({{DATA_STORE}} performs platform-side restore testing annually per A1.2.5 / A1.3.1).,BCP/DR Policy BCP-06,Open,Include {{DATA_STORE}} restore in next annual DR exercise.
{{DATA_STORE}},2025-10-01 to 2026-03-31,Security,"Customer is responsible for monitoring its own {{DATA_STORE}} tenant activity — database access logs, audit logs, and {{DATA_STORE}} org activity feed — and routing them to a centralized log / SIEM with alerting on anomalies.",IR Policy IR-04 / Logging & Monitoring,Open,"Decide: accept as residual risk or wire {{DATA_STORE}} audit logs into central log pipeline with alerts on mass export, new database users, and unusual query volume."
{{DATA_STORE}},2025-10-01 to 2026-03-31,Confidentiality,Customer is responsible for deleting or exporting data from the cloud service prior to termination of the agreement (C1.2 marked Not Applicable to {{DATA_STORE}}; data disposal is a customer obligation).,Data Retention Policy DR-03,Covered,Covered by ACME Data Retention Policy; tracked in offboarding runbook.
{{GRC_PLATFORM}},2024-07-01 to 2025-06-30,CC2.2 - CC2.3,"Understanding and complying with their contractual obligations to {{GRC_PLATFORM}} with regard to security, availability, processing integrity, and confidentiality.",{{GRC_PLATFORM}} ToS/MSA reviewed at procurement and annually; tracked in Vendor Register,Open,Map to Vendor Management Policy
{{GRC_PLATFORM}},2024-07-01 to 2025-06-30,CC2.2 - CC2.3,Notifying {{GRC_PLATFORM}} of changes made to technical or administrative contact information.,{{SECURITY_OWNER}} listed as technical/admin contact; updated in {{GRC_PLATFORM}} tenant settings; reviewed annually,Open,Verify contact in {{GRC_PLATFORM}} admin console
{{GRC_PLATFORM}},2024-07-01 to 2025-06-30,CC2.2,Maintaining their own system(s) of record.,"ACME maintains {{VCS}}, {{CLOUD_PROVIDER}}, {{IDP}}, {{DATA_STORE}} as systems of record; {{GRC_PLATFORM}} is a read-only consumer of evidence",Open,No action — architectural fact
{{GRC_PLATFORM}},2024-07-01 to 2025-06-30,CC1.1; CC2.2,"Ensuring the supervision, management, and control of the use of {{GRC_PLATFORM}} services by their personnel.",{{SECURITY_OWNER}} owns {{GRC_PLATFORM}} admin; usage governed by Acceptable Use Policy and Information Security Policy,Open,Covered by AUP
{{GRC_PLATFORM}},2024-07-01 to 2025-06-30,CC8.1,Providing {{GRC_PLATFORM}} with a list of approvers for security and system configuration changes for data transmission.,{{SECURITY_OWNER}} is sole approver for {{GRC_PLATFORM}} integration/config changes; documented in Access Control Matrix,Open,Document in ACM
{{GRC_PLATFORM}},2024-07-01 to 2025-06-30,CC7.3 - CC7.5,"Immediately notifying {{GRC_PLATFORM}} of any actual or suspected information security breaches, including compromised accounts, including those used for integrations and secure file transfers.",IR Policy §Vendor Notification lists {{GRC_PLATFORM}}; {{SECURITY_OWNER}} opens support case on suspected compromise,Open,Add {{GRC_PLATFORM}} to IR vendor notification list
{{GRC_PLATFORM}},2024-07-01 to 2025-06-30,CC6.1; CC6.3,Ensuring that application password settings are configured in accordance with the entity's password policy.,SSO via {{IDP}} enforces MFA and password policy; no local {{GRC_PLATFORM}} passwords,Open,Verify SSO enforcement in {{GRC_PLATFORM}} admin
{{GRC_PLATFORM}},2024-07-01 to 2025-06-30,CC6.1; CC6.2; CC6.3,"User access administration for their employees, including periodically reviewing access to the {{GRC_PLATFORM}} application.",Quarterly user access review per Access Control Policy includes {{GRC_PLATFORM}}; onboarding/offboarding checklists provision/deprovision {{GRC_PLATFORM}},Open,Add {{GRC_PLATFORM}} to quarterly UAR scope
{{GRC_PLATFORM}},2024-07-01 to 2025-06-30,PI1.2,Ensuring that manual inputs are reviewed by their own personnel.,"Manual evidence uploads (policies, screenshots) reviewed by {{SECURITY_OWNER}} before submission; minimal manual input — most data flows via integrations",Open,Low effort — {{SECURITY_OWNER}} sign-off on manual uploads
{{GRC_PLATFORM}},2024-07-01 to 2025-06-30,PI1.1 - PI1.5,"Ensuring the completeness and accuracy of integration data input into, processed by, and output by the {{GRC_PLATFORM}} application.","Integrations ({{CLOUD_PROVIDER}}, {{VCS}}, {{IDP}}, {{DATA_STORE}}, etc.) are read-only; ACME verifies integration health quarterly via {{GRC_PLATFORM}} dashboard",Open,Add integration health check to quarterly compliance review
{{GRC_PLATFORM}},2024-07-01 to 2025-06-30,CC2.2 - CC2.3,"Following {{GRC_PLATFORM}}'s terms and conditions with regard to security, availability, processing integrity, and confidentiality.",ToS accepted at procurement; Acceptable Use Policy references vendor ToS,Open,Re-affirm at annual review
{{CHAT_PLATFORM}},2024-11-01 to 2025-10-31,CC6.1; A1.2,User entities are responsible for informing {{CHAT_PLATFORM}} of any regulatory issues that may affect the services provided by the System.,Compliance/Legal monitors regulatory changes affecting vendors; {{SECURITY_OWNER}} notifies {{CHAT_PLATFORM}} via support if material,Open,Low-effort; add to Vendor Management procedure
{{CHAT_PLATFORM}},2024-11-01 to 2025-10-31,CC2.2; CC2.3; CC6.1; A1.2,User entities are responsible for understanding and complying with their contractual obligations to {{CHAT_PLATFORM}}.,{{CHAT_PLATFORM}} ToS reviewed at procurement and annually; tracked in Vendor Register,Open,Map to Vendor Management Policy
{{CHAT_PLATFORM}},2024-11-01 to 2025-10-31,CC2.2 - CC2.3,"User entities are responsible for keeping the technical,  billing,  and administrative contact information on file with {{CHAT_PLATFORM}} up to date.",{{SECURITY_OWNER}} listed as billing/admin contact in {{CHAT_PLATFORM}} workspace; reviewed annually,Open,Verify contact in {{CHAT_PLATFORM}} admin console
{{CHAT_PLATFORM}},2024-11-01 to 2025-10-31,A1.2 - A1.3,User entities are responsible for developing their own disaster recovery and business continuity plans that address the inability to access or utilize the System.,BCP/DR Policy lists {{CHAT_PLATFORM}} as critical-but-replaceable comms; fallback = email + phone tree,Open,Add {{CHAT_PLATFORM}} to BCP §Comms section
{{CHAT_PLATFORM}},2024-11-01 to 2025-10-31,CC6.1; CC6.3; CC6.6,User entities are responsible for configuring the System security settings appropriately for the user entity.,SSO + MFA enforced via {{IDP}}; app installation restricted to admins; session length and external sharing configured per policy,Open,Document {{CHAT_PLATFORM}} workspace hardening checklist
{{CHAT_PLATFORM}},2024-11-01 to 2025-10-31,CC6.1; CC6.3; CC6.6,User entities are responsible for ensuring the confidentiality of any user accounts and passwords assigned to them for use with the System.,Acceptable Use Policy + password manager + SSO eliminates direct {{CHAT_PLATFORM}} passwords,Open,Covered by AUP and SSO enforcement
{{CHAT_PLATFORM}},2024-11-01 to 2025-10-31,CC6.1; CC6.3; CC6.6,"User entities are responsible for inviting new users to sign up for an account in the System, as well as removing terminated user accounts from the System.",Onboarding and offboarding checklists include {{CHAT_PLATFORM}} provision/deprovision; SCIM via {{IDP}} if available,Open,Add {{CHAT_PLATFORM}} to offboarding checklist
{{CHAT_PLATFORM}},2024-11-01 to 2025-10-31,CC6.1; CC6.3; CC6.6,User entities are responsible for ensuring that entity profile information stored by the System is accurate and complete.,Workspace profile reviewed annually,Open,Annual control owner = {{SECURITY_OWNER}}
{{CHAT_PLATFORM}},2024-11-01 to 2025-10-31,CC7.3 - CC7.5,"User entities are responsible for immediately notifying {{CHAT_PLATFORM}} of any actual or suspected information security breaches, including compromised user accounts.",Incident Response Plan §Vendor Notification lists {{CHAT_PLATFORM}}; {{SECURITY_OWNER}} opens support case on suspected compromise,Open,Add {{CHAT_PLATFORM}} to IR vendor notification list
{{CHAT_PLATFORM}},2024-11-01 to 2025-10-31,CC6.1; CC6.3; CC6.6,User entities are responsible for ensuring the appropriateness of designated {{CHAT_PLATFORM}} Workspace owner(s) and administrator(s).,Workspace Owner = {{SECURITY_OWNER}}; secondary admin = founder; documented in Access Control Matrix,Open,Verify admin list in {{CHAT_PLATFORM}} quarterly
{{CHAT_PLATFORM}},2024-11-01 to 2025-10-31,CC6.1; CC6.3; CC6.6,User entities are responsible for providing accurate and complete contact information to {{CHAT_PLATFORM}} for end users to be provisioned.,Provisioning sourced from {{IDP}} identity (single source of truth),Open,N/A if SSO/SCIM in place
{{CHAT_PLATFORM}},2024-11-01 to 2025-10-31,CC2.2 - CC2.3,User entities are responsible for accepting the terms and agreement for utilizing {{CHAT_PLATFORM}}'s services.,ToS accepted at procurement; tracked in Vendor Register,Open,Re-affirm at annual review
{{CHAT_PLATFORM}},2024-11-01 to 2025-10-31,CC2.2 - CC2.3,User entities are responsible for monitoring and enforcing organizational compliance to {{CHAT_PLATFORM}}'s terms and agreements.,Acceptable Use Policy references vendor ToS; quarterly admin review,Open,Cover in AUP
{{CHAT_PLATFORM}},2024-11-01 to 2025-10-31,CC6.1; C1.1 - C1.2,User entities are responsible for configuring the message retention settings appropriately for the organization.,Data Retention Policy defines message retention window; configured in {{CHAT_PLATFORM}} workspace admin,Open,Decide retention window; document in Data Retention Policy
{{CHAT_PLATFORM}},2024-11-01 to 2025-10-31,CC6.1; CC8.1,User entities are responsible for developing and implementing their own information classification policies to govern sharing Personally Identifiable Information (PII) and other sensitive data in the System.,"Acceptable Use Policy + Data Classification Policy prohibit customer data, secrets, and regulated PII in {{CHAT_PLATFORM}}; secrets go in password manager",Open,Customer data explicitly excluded per ACME policy
{{APP_AUTH}},2024-10-01 to 2025-09-30,CC2.3,"Customers are responsible for managing compliance with applicable laws / regulations., ACME Compliance Program (SOC 2", GDPR/CCPA mapping),Met,General obligation; tracked outside {{APP_AUTH}}.
{{APP_AUTH}},2024-10-01 to 2025-09-30,CC6.1,Customers are responsible for establishing appropriate controls over the use of their {{APP_AUTH}} Accounts and passwords.,{{APP_AUTH}} password policy + Conditional Access; Access Control Policy,Met,"Verify password policy meets ACME standard (length,  complexity,  no expiry per NIST)."
{{APP_AUTH}},2024-10-01 to 2025-09-30,CC6.2/CC6.3,Customers are responsible for disabling / deleting account access to their {{APP_AUTH}} services upon employee and contractor role change or terminations.,Offboarding Checklist + Access Review (quarterly),To verify,Confirm SLA (<24h for terminations) and evidence retention for last 12 months.
{{APP_AUTH}},2024-10-01 to 2025-09-30,CC6.1,Customers are responsible for implementing workstation timeout for extended periods of inactivity.,MDM/Endpoint policy enforces 15min lock,Met,Already covered by endpoint baseline.
{{APP_AUTH}},2024-10-01 to 2025-09-30,CC7.2/CC7.3,Customers are responsible for reviewing the access activities associated with their accounts and their VM applications.,{{APP_AUTH}} sign-in logs exported to SIEM; quarterly access review,To verify,Confirm sign-in log export is configured and alerting rules exist for impossible-travel / privileged role usage.
{{APP_AUTH}},2024-10-01 to 2025-09-30,CC6.1,Customers are responsible for protecting the credentials associated with their deployment profiles.,Secrets Management Policy; no hardcoded creds,Met,N/A specifically — keep in CSV for completeness.
{{APP_AUTH}},2024-10-01 to 2025-09-30,CC6.1,Customers are responsible for specifying strong credentials used with service identities and management service accounts and managing them for continued appropriateness.,Service-account rotation cadence in Access Control Matrix,To verify,Inventory {{APP_AUTH}} service principals / managed identities; document rotation cadence.
{{APP_AUTH}},2024-10-01 to 2025-09-30,CC6.1,Customers are responsible for ensuring the supervision management and control for access to key systems.,Access Control Policy; Privileged Access procedures,Met,Owner: {{SECURITY_OWNER}}.
{{APP_AUTH}},2024-10-01 to 2025-09-30,CC6.1,Customers' administrators are responsible for the selection and use of their passwords.,{{APP_AUTH}} admin password policy + MFA required,Met,Enforced via Conditional Access policy targeting admin roles.
{{APP_AUTH}},2024-10-01 to 2025-09-30,CC6.1,Customer entities are responsible for notifying the MFA service of changes made to technical or administrative contact information.,Tenant admin contact kept current in {{APP_AUTH}} admin center,To verify,Add to quarterly tenant-hygiene checklist.
{{APP_AUTH}},2024-10-01 to 2025-09-30,CC1.4,"Customers are responsible for maintaining their own system(s) of record., Internal record-keeping (HRIS", ticketing),Met,Standard obligation.
{{APP_AUTH}},2024-10-01 to 2025-09-30,CC6.1,Customers are responsible for ensuring the supervision management and control of the use of MFA services by their personnel.,MFA enforcement via Conditional Access; user training,Met,Verify Conditional Access policy excludes no users except break-glass.
{{APP_AUTH}},2024-10-01 to 2025-09-30,A1.2/A1.3,Customers are responsible for developing their own Disaster Recovery and Business Continuity Plans that address the inability to access or utilize MFA services.,BCP/DR Policy §5 — break-glass account + offline TOTP backup,To verify,Document break-glass procedure; test annually.
{{APP_AUTH}},2024-10-01 to 2025-09-30,CC6.1,Customers are responsible for ensuring the confidentiality of any user IDs and passwords used to access MFA systems.,Password manager required; no shared accounts,Met,Covered by Acceptable Use Policy.
{{APP_AUTH}},2024-10-01 to 2025-09-30,CC6.2,Customers are responsible for ensuring that user IDs and passwords are assigned to authorized individuals.,Joiner workflow ties {{APP_AUTH}} account to HRIS record,Met,Owner: People Ops + {{SECURITY_OWNER}}.
{{APP_AUTH}},2024-10-01 to 2025-09-30,CC6.7/PI1.2,Customers are responsible for ensuring that the data submitted to the MFA service is complete accurate and timely.,MFA enrollment data sourced from {{APP_AUTH}} user profile,Met,Standard.
{{APP_AUTH}},2024-10-01 to 2025-09-30,CC7.3/CC7.4,Customers are responsible for immediately notifying the MFA service of any actual or suspected information security breaches including compromised user accounts.,Incident Response Plan §3 — {{APP_AUTH}} notification step,To verify,Add {{APP_AUTH}} incident notification contact to IR runbook.
{{APP_AUTH}},2024-10-01 to 2025-09-30,CC6.7,Customers are responsible for determining implementing and managing encryption requirements for their data within the {{APP_AUTH}} platform where {{APP_AUTH}} does not enable it by default and / or can be controlled by the customer.,Data Classification Policy; {{APP_AUTH}} data encrypted at rest by default,Met,No customer-managed keys in {{APP_AUTH}} tenant.
{{APP_AUTH}},2024-10-01 to 2025-09-30,CC6.1,Customers are responsible for appropriate protection of the secrets associated with their accounts.,Secrets Management Policy + password manager,Met,"Includes refresh tokens,  app registration secrets."
{{APP_AUTH}},2024-10-01 to 2025-09-30,CC7.3,Customers are responsible for reporting to {{APP_AUTH}} the incidents and alerts that are specific to their systems and {{APP_AUTH}}.,IR Plan includes {{APP_AUTH}} escalation,To verify,Confirm {{APP_AUTH}} support tenant escalation path documented.
{{APP_AUTH}},2024-10-01 to 2025-09-30,CC7.4,Customers are responsible to support timely incident responses with the {{APP_AUTH}} team.,IR Plan IR-04 — vendor coordination,Met,General obligation.
{{APP_AUTH}},2024-10-01 to 2025-09-30,CC6.1,Customers are responsible for implementing appropriate authentication mechanisms and only granting admin access to appropriate individuals to maintain the integrity of their {{APP_AUTH}} tenant.,{{APP_AUTH}} Global Admin list reviewed quarterly; MFA enforced; PIM for just-in-time elevation,To verify,Confirm PIM (Privileged Identity Management) is enabled or document compensating control (max 2 standing Global Admins).
{{APP_AUTH}},2024-10-01 to 2025-09-30,CC6.1,Customers utilizing {{APP_AUTH}} services are responsible for implementing appropriate authentication mechanisms and limiting admin access to appropriate individuals to maintain integrity of their SaaS applications.,Conditional Access policies; SSO integration list reviewed during access review,To verify,Confirm Conditional Access blocks legacy auth and enforces MFA on all SaaS app sign-ins via {{APP_AUTH}}.
{{APP_AUTH}},2024-10-01 to 2025-09-30,CC6.1,Customers are responsible to implement logical access controls to provide reasonable assurance that unauthorized access to key systems will be restricted.,Access Control Policy + RBAC role assignments,Met,Owner: {{SECURITY_OWNER}}.
{{APP_AUTH}},2024-10-01 to 2025-09-30,CC6.1,Customers are responsible for backing up keys that they add to {{APP_AUTH}} Key Vault.,N/A — Key Vault not currently used,N/A,Revisit if ACME adopts Key Vault for customer-managed keys.
{{APP_AUTH}},2024-10-01 to 2025-09-30,CC1.4,Customers are responsible for understanding and adhering to the contents of their service contracts including commitments related to system security availability processing integrity and confidentiality.,{{APP_AUTH}} Product Terms + DPA reviewed by Legal,Met,Renew on contract anniversary.
{{APP_AUTH}},2024-10-01 to 2025-09-30,P5.1,Customers are responsible for responding to data subject requests for customer data or system generated logs.,Privacy Policy / DSAR procedure,Met,General privacy obligation.
{{CLOUD_PROVIDER}},2025-03-01 to 2026-02-28,CC 1.3,Assign responsibilities for the operation and monitoring of the {{CLOUD_PROVIDER}} System,Access Control Policy §1 / org chart ({{SECURITY_OWNER}} owns {{CLOUD_PROVIDER}}),Confirmed,{{SECURITY_OWNER}} designated as {{CLOUD_PROVIDER}} owner; 5-person team
{{CLOUD_PROVIDER}},2025-03-01 to 2026-02-28,CC 1.3,Establish responsibilities and procedures to respond to relevant information security incidents pertaining to the use of the {{CLOUD_PROVIDER}} System,Incident Response Policy,Confirmed,IR Policy covers {{CLOUD_PROVIDER}}-originated incidents
{{CLOUD_PROVIDER}},2025-03-01 to 2026-02-28,CC 1.4,Provide appropriate training to end-users on proper use of {{CLOUD_PROVIDER}} consistent with the Acceptable Use Policies and Terms of Service,Acceptable Use Policy / Security Awareness Training,Pending,Annual security training references {{CLOUD_PROVIDER}} AUP
{{CLOUD_PROVIDER}},2025-03-01 to 2026-02-28,CC 1.4,Ensure end-users are trained on organizational policies and procedures relevant to the use of {{CLOUD_PROVIDER}},Security Awareness Training,Pending,Covered by annual training rollup
{{CLOUD_PROVIDER}},2025-03-01 to 2026-02-28,CC 1.4,Train administrators and end-users on responsibilities and procedures for identifying handling and responding to security incidents pertaining to {{CLOUD_PROVIDER}},IR Policy / Security Awareness Training,Pending,Confirm IR tabletop covers {{CLOUD_PROVIDER}} scenarios
{{CLOUD_PROVIDER}},2025-03-01 to 2026-02-28,CC 1.4,Train users on the use and disclosure of passwords used to authenticate to {{CLOUD_PROVIDER}},Password Policy / Security Awareness Training,Confirmed,Federated via {{IDP}} SSO; passwords governed centrally
{{CLOUD_PROVIDER}},2025-03-01 to 2026-02-28,"CC 1.5, CC 5.1",Consider information security requirements in the deployment configuration and modification of the customer's instance of {{CLOUD_PROVIDER}},Secure SDLC / Change Management Policy,Pending,IaC reviews include security checks
{{CLOUD_PROVIDER}},2025-03-01 to 2026-02-28,"CC 2.1, CC 2.2",Define document and make available to users procedures for the operation of the customer's instance of {{CLOUD_PROVIDER}},Operational runbooks / SOC2 evidence repo,Pending,{{CLOUD_PROVIDER}} runbooks exist; confirm linked from policy index
{{CLOUD_PROVIDER}},2025-03-01 to 2026-02-28,CC 4.1,Ensure any application software deployed onto {{CLOUD_PROVIDER}} follows specific software change management policies and procedures,Change Management Policy,Confirmed,All deploys via PR + CI; no manual prod pushes
{{CLOUD_PROVIDER}},2025-03-01 to 2026-02-28,"CC 5.3, CC 8.1",Periodically review the configuration of {{CLOUD_PROVIDER}} to help ensure it is consistent with policies and procedures,Configuration review / annual access review,Pending,Add quarterly {{CLOUD_PROVIDER}} config review to compliance calendar
{{CLOUD_PROVIDER}},2025-03-01 to 2026-02-28,"CC 2.3, CC 7.1, CC 7.2, CC 7.3",Contact {{CLOUD_PROVIDER}} for any issues with service availability or security including unauthorized use of password or account compromise of data and security events,IR Policy §3 (vendor escalation),Confirmed,{{CLOUD_PROVIDER}} support channel documented in IR Policy
{{CLOUD_PROVIDER}},2025-03-01 to 2026-02-28,CC 5.3,Establish organizational policies and procedures for the use or integration of third-party services,Vendor Management Policy,Confirmed,VMP §2 covers third-party integration
{{CLOUD_PROVIDER}},2025-03-01 to 2026-02-28,CC 5.3,Review the information security policies and security capabilities in {{CLOUD_PROVIDER}} to determine their applicability and modify internal controls as appropriate,Vendor Management Policy §4 (annual SOC 2 review),Confirmed,This document is that review
{{CLOUD_PROVIDER}},2025-03-01 to 2026-02-28,CC 5.3,Define and maintain policies and procedures governing the customer's administration of access to {{CLOUD_PROVIDER}},Access Control Policy §2-4,Confirmed,AC-01 through AC-09 cover {{CLOUD_PROVIDER}} IAM administration
{{CLOUD_PROVIDER}},2025-03-01 to 2026-02-28,"CC 5.3, P 6.1, P 6.4",Establish documented policies and procedures for the transfer and sharing of information within the organization and with third-party entities,Data Sharing Policy / DPA,Confirmed,Out of scope for Security TSC but covered
{{CLOUD_PROVIDER}},2025-03-01 to 2026-02-28,"CC 6.1, CC 6.2, CC 6.3",Provision maintain monitor and disable end users' access in accordance with internal access management policies,"AC-04, AC-07, AC-09 / Access Control Matrix",Pending,Confirm {{CLOUD_PROVIDER}} IAM principals listed in Access Control Matrix with owner and review date
{{CLOUD_PROVIDER}},2025-03-01 to 2026-02-28,"CC 6.1, CC 6.2, CC 6.3",Provision service availability user roles and sharing permissions within {{CLOUD_PROVIDER}} consistent with customer organizational policies,Access Control Policy §4 (least privilege),Pending,Audit IAM role bindings; remove primitive Owner/Editor roles where possible
{{CLOUD_PROVIDER}},2025-03-01 to 2026-02-28,"CC 6.1, CC 6.2, CC 6.3",Implement secure log-on procedures to access {{CLOUD_PROVIDER}} consistent with customer access management policies,Access Control Policy §3 (SSO via {{IDP}}),Confirmed,{{CLOUD_PROVIDER}} console access federated via Workspace SSO
{{CLOUD_PROVIDER}},2025-03-01 to 2026-02-28,"CC 6.1, CC 6.2, CC 6.3",Review users' access rights periodically consistent with customer organizational policies to mitigate the risk of inappropriate access,AC-09 / annual access review,Pending,Annual review must include {{CLOUD_PROVIDER}} IAM listing
{{CLOUD_PROVIDER}},2025-03-01 to 2026-02-28,"CC 6.1, CC 6.2, CC 6.3",Enable and enforce the use of two-step verification on privileged administrator accounts,AC-03 / Access Control Policy §2 (MFA),Pending,Verify Workspace MFA is enforced for all users with any {{CLOUD_PROVIDER}} role
{{CLOUD_PROVIDER}},2025-03-01 to 2026-02-28,"CC 6.1, CC 6.2, CC 6.3",Establish procedures to allocate the initial password to access {{CLOUD_PROVIDER}} to end-users when {{CLOUD_PROVIDER}} password authentication is used,Onboarding runbook,N/A,All access via Workspace SSO; no standalone {{CLOUD_PROVIDER}} passwords
{{CLOUD_PROVIDER}},2025-03-01 to 2026-02-28,"CC 6.1, CC 6.2, CC 6.3",Configure {{CLOUD_PROVIDER}} Marketplace permissions in {{CLOUD_PROVIDER}} consistent with customer's internal policies,Access Control Policy / Procurement,Pending,Restrict Marketplace deploys to {{SECURITY_OWNER}}; document
{{CLOUD_PROVIDER}},2025-03-01 to 2026-02-28,"CC 6.1, CC 6.2, CC 6.3",Restrict access to and monitor the use of Application Programming Interfaces (APIs) available in {{CLOUD_PROVIDER}},Access Control Policy §7 / API inventory,Pending,Enumerate enabled {{CLOUD_PROVIDER}} APIs; disable unused services
{{CLOUD_PROVIDER}},2025-03-01 to 2026-02-28,"CC 6.1, CC 6.2, CC 6.3",Configure domain settings related to integration with other systems within the customer's environment consistent with customer policies,Network/integration design docs,Pending,Workspace domain settings reviewed
{{CLOUD_PROVIDER}},2025-03-01 to 2026-02-28,"CC 6.1, CC 6.2, CC 6.3",Ensure that user data is exported and deleted from {{CLOUD_PROVIDER}} before or within a reasonable amount of time after termination,Data Retention Policy / off-boarding runbook,Pending,Add {{CLOUD_PROVIDER}} Storage bucket and project teardown to off-boarding checklist
{{CLOUD_PROVIDER}},2025-03-01 to 2026-02-28,"CC 6.7, CC 6.8",Ensure appropriate physical security controls over all devices that access {{CLOUD_PROVIDER}},Endpoint Security Policy / MDM,Pending,Confirm MDM enforced disk encryption and screen lock on all workstations
{{CLOUD_PROVIDER}},2025-03-01 to 2026-02-28,"CC 6.7, CC 6.8",Ensure any devices that access {{CLOUD_PROVIDER}} or contain customer data are properly handled secured and transported as defined by the products requirements,Endpoint Security Policy,Pending,Covered by MDM and Acceptable Use Policy
{{CLOUD_PROVIDER}},2025-03-01 to 2026-02-28,CC 7.1,Configure {{CLOUD_PROVIDER}} mobile device options consistent with customer policies and procedures,Endpoint Security Policy,N/A,No mobile-specific {{CLOUD_PROVIDER}} integrations in use
{{CLOUD_PROVIDER}},2025-03-01 to 2026-02-28,CC 7.1,Configure data storage locations that support business and operational resiliency requirements,BCP/DR Policy / Data Residency,Pending,Document chosen {{CLOUD_PROVIDER}} regions (US multi-region) in BCP/DR Policy
{{CLOUD_PROVIDER}},2025-03-01 to 2026-02-28,"CC 7.1, CC 7.2, CC 7.3",Enable logging and monitoring functionalities to detect administrator activity customer support activity security events system errors and data deletions to support customer incident management processes,IR Policy §1 / Logging and Monitoring Policy,Pending,Enable Cloud Audit Logs (Admin Activity always on; Data Access for {{CLOUD_PROVIDER}} Storage and {{SECRETS_MANAGER}}); ship to retained sink
{{CLOUD_PROVIDER}},2025-03-01 to 2026-02-28,"CC 7.1, P 7.1",Consider information security requirements in the deployment configuration and modification of their instance of {{CLOUD_PROVIDER}},Secure SDLC / Threat Modeling,Pending,Threat model exists; refresh with each material {{CLOUD_PROVIDER}} service addition
{{CLOUD_PROVIDER}},2025-03-01 to 2026-02-28,"CC 7.1, P 7.1",Establish responsibilities and procedures to respond to relevant information security incidents pertaining to the use of {{CLOUD_PROVIDER}},IR Policy,Confirmed,IR Policy covers {{CLOUD_PROVIDER}} scope
{{CLOUD_PROVIDER}},2025-03-01 to 2026-02-28,CC 8.1,Ensure that individuals creating and/or updating profiles or changing product configurations are authorized,Change Management Policy / IAM,Pending,IAM roles restrict who can change {{CLOUD_PROVIDER}} project config
{{CLOUD_PROVIDER}},2025-03-01 to 2026-02-28,CC 8.1,Handle the deployment configuration and modification of default security settings for cloud products including virtual machines in accordance with information security requirements,Hardening standards / IaC baselines,Pending,Cloud Run config baselines in Terraform modules
{{CLOUD_PROVIDER}},2025-03-01 to 2026-02-28,CC 8.1,Review and test features builds and product releases including Application Programming Interfaces (APIs) to evaluate their impact prior to deploying into production environments as applicable,Change Management Policy / staging environment,Confirmed,Staging environment + CI tests gate prod deploys
{{CLOUD_PROVIDER}},2025-03-01 to 2026-02-28,CC 8.1,Configure test and/or development environments in their instance of {{CLOUD_PROVIDER}} as applicable and restrict access to data in these environments,Environment Segregation / Access Control Policy,Confirmed,Separate dev/staging/prod {{CLOUD_PROVIDER}} projects; no prod data in lower envs
{{CLOUD_PROVIDER}},2025-03-01 to 2026-02-28,CC 8.1,Manage and test configurations that support business and operational resiliency objectives and consider {{CLOUD_PROVIDER}} architecture recommendations,BCP/DR Policy / architecture reviews,Pending,Annual DR exercise; review {{CLOUD_PROVIDER}}'s well-architected recommendations
{{CLOUD_PROVIDER}},2025-03-01 to 2026-02-28,CC 8.1,Train test and deploy AI models that are used in AI-powered applications,AI/ML Governance,Pending,Document model deployment process; out-of-scope for Security TSC but flag for AI risk
{{CLOUD_PROVIDER}},2025-03-01 to 2026-02-28,CC 8.1,Implement any custom code necessary for the deployment of the products and any code in public repositories for customization of their implementations,Secure SDLC / Change Management Policy,Confirmed,All custom code goes through SDLC
{{CLOUD_PROVIDER}},2025-03-01 to 2026-02-28,"CC 9.1, CC 9.2",Ensure they have business recovery and backup procedures over their non-{{CLOUD_PROVIDER}} managed information systems that access {{CLOUD_PROVIDER}},BCP/DR Policy §4 / backup-recovery-runbook.md,Pending,Confirm backup of any non-{{CLOUD_PROVIDER}} systems that touch {{CLOUD_PROVIDER}}
{{CLOUD_PROVIDER}},2025-03-01 to 2026-02-28,"C 1.1, P 4.1, P 5.2",Ensure that administrators do not send unnecessary employee personal data when escalating support requests to service providers including {{CLOUD_PROVIDER}},Support escalation procedure,Confirmed,Support tickets scrubbed of PII; documented in IR Policy
{{CLOUD_PROVIDER}},2025-03-01 to 2026-02-28,"C 1.1, P 4.1, P 5.2",Provide permission or instructions to utilize their data and defining the scope of data for training or fine-tuning AI/ML models,DPA / AI/ML Governance,Pending,Verify {{CLOUD_PROVIDER}} AI/ML training opt-out settings if any in-scope AI used
{{IDP}},2025-03-01 to 2026-02-28,CC1.3,Customers are responsible for assigning responsibilities for the operation and monitoring of the {{IDP}} Application Programming Interfaces and Developer Offerings System.,AC-04 (Access Control Policy),Mapped,Covered by Access Control Policy; assign Workspace Super Admin / Delegated Admin owner.
{{IDP}},2025-03-01 to 2026-02-28,CC1.3,Customers are responsible for establishing responsibilities and procedures to respond to relevant information security incidents pertaining to the use of the {{IDP}} Application Programming Interfaces and Developer Offerings System.,AC-04 (Access Control Policy),Mapped,Covered by Incident Response Policy.
{{IDP}},2025-03-01 to 2026-02-28,CC1.4,Customers are responsible for providing the appropriate training to end-users on proper use of the {{IDP}} Application Programming Interfaces and Developer Offerings System consistent with the Acceptable Use Policies and Terms of Service.,AC-04 (Access Control Policy),Mapped,AUP linked in onboarding; confirm Workspace Acceptable Use Policy URL is referenced.
{{IDP}},2025-03-01 to 2026-02-28,CC1.4,Customers are responsible for ensuring that end-users are trained on the organizational policies and procedures relevant to the use of the {{IDP}} Application Programming Interfaces and Developer Offerings System.,AC-04 (Access Control Policy),Mapped,Covered in annual security training.
{{IDP}},2025-03-01 to 2026-02-28,CC1.4,Customers should train administrators and end-users on their responsibilities and organizational procedures for identifying handling and responding to security incidents pertaining to the use of the {{IDP}} Application Programming Interfaces and Developer Offerings System.,AC-04 (Access Control Policy),Mapped,Admin-specific runbook to be added to IR Policy.
{{IDP}},2025-03-01 to 2026-02-28,CC1.4,Customers are responsible for training users on the use and disclosure of passwords used to authenticate to the {{IDP}} Application Programming Interfaces and Developer Offerings System.,AC-03 (MFA),Mapped,Covered by password / MFA section of security training.
{{IDP}},2025-03-01 to 2026-02-28,CC1.5 / CC5.1,Customers are responsible for considering information security requirements in the deployment configuration and modification of their instance of the {{IDP}} Application Programming Interfaces and Developer Offerings System.,AC-04 (Access Control Policy),Mapped,Tenant config baseline documented; review annually.
{{IDP}},2025-03-01 to 2026-02-28,CC2.1 / CC2.2,Customers are responsible for defining documenting and making available to users procedures for the operation of their instance of the {{IDP}} Application Programming Interfaces and Developer Offerings System.,AC-04 (Access Control Policy),Mapped,User-facing runbooks published internally.
{{IDP}},2025-03-01 to 2026-02-28,CC2.1 / CC2.2,Customers are responsible for identifying and managing the inventory of information assets on the {{IDP}} Application Programming Interfaces and Developer Offerings System.,Information Classification,Mapped,Asset Inventory includes Workspace as a system; specific data classification per Information Classification Policy.
{{IDP}},2025-03-01 to 2026-02-28,CC2.3 / CC7.1 / CC7.2 / CC7.3,Customers should contact {{IDP}} if there are any issues with service availability or security including but not limited to unauthorized use of their password or account compromise of data and security events.,AC-04 (Access Control Policy),Mapped,IR Policy references {{IDP}} support escalation path.
{{IDP}},2025-03-01 to 2026-02-28,CC4.1 / CC5.3 / CC8.1,Customers are responsible for ensuring any application software which they deploy onto the {{IDP}} Application Programming Interfaces and Developer Offerings System follows their specific software change management policies and procedures.,AC-04 (Access Control Policy),Mapped,Covered by Change Management Policy; applies to Apps Script and Marketplace apps.
{{IDP}},2025-03-01 to 2026-02-28,CC4.1 / CC5.3 / CC8.1,Customers are responsible for periodically reviewing the configuration of the {{IDP}} Application Programming Interfaces and Developer Offerings System to help ensure it is consistent with their policies and procedures.,AC-04 (Access Control Policy),Gap,Add annual Workspace tenant config review to compliance calendar.
{{IDP}},2025-03-01 to 2026-02-28,CC5.3,Customers are responsible for establishing organizational policies and procedures for the use or integration of third-party services.,AC-04 (Access Control Policy),Mapped,Covered by Vendor Management Policy and Marketplace app review.
{{IDP}},2025-03-01 to 2026-02-28,CC5.3,Customers are responsible for reviewing the information security policies and the security capabilities in the {{IDP}} Application Programming Interfaces and Developer Offerings System to determine their applicability and modify their internal controls as appropriate.,AC-04 (Access Control Policy),Mapped,Annual vendor review covers this.
{{IDP}},2025-03-01 to 2026-02-28,CC5.3,Customers are responsible for defining and maintaining policies and procedures governing the customer's administration of access to the {{IDP}} Application Programming Interfaces and Developer Offerings System.,AC-04 (Access Control Policy),Mapped,Access Control Policy covers Workspace admin access.
{{IDP}},2025-03-01 to 2026-02-28,CC5.3 / P6.1 / P6.4,Customers are responsible for establishing documented policies and procedures for the transfer and sharing of information within their organization and with third-party entities.,Information Classification,Mapped,Covered by Information Classification Policy; configure domain-level Drive sharing restrictions in Admin Console.
{{IDP}},2025-03-01 to 2026-02-28,CC6.1,Customers are responsible for provisioning maintaining monitoring and disabling end users' access in accordance with their internal access management policies.,AC-07 (provisioning) / AC-08 (offboarding),Mapped,Covered by onboarding/offboarding runbooks.
{{IDP}},2025-03-01 to 2026-02-28,CC6.1 / CC6.2 / CC6.3,Customers are responsible for provisioning service availability user roles and sharing permissions within the {{IDP}} Application Programming Interfaces and Developer Offerings System consistent with customer organizational policies.,AC-07 (provisioning),Mapped,Role assignments documented in Access Control Matrix.
{{IDP}},2025-03-01 to 2026-02-28,CC6.1 / CC6.2 / CC6.3,Customers are responsible for implementing secure log-on procedures to access the {{IDP}} Application Programming Interfaces and Developer Offerings System consistent with customer access management policies.,AC-03 (MFA),Mapped,Enforce 2SV with hardware/passkey via Admin Console.
{{IDP}},2025-03-01 to 2026-02-28,CC6.1 / CC6.2 / CC6.3,Customers are responsible for provisioning maintaining and disabling end users' access in accordance with customer access management policies.,AC-07 (provisioning) / AC-08 (offboarding),Mapped,Duplicate of CC6.1 row above; tracked in onboarding/offboarding runbook.
{{IDP}},2025-03-01 to 2026-02-28,CC6.1 / CC6.2 / CC6.3,Customers are responsible for reviewing users' access rights periodically consistent with customer organizational policies to mitigate the risk of inappropriate access.,AC-04 (Access Control Policy),Gap,Schedule semi-annual access review of Workspace roles in compliance calendar.
{{IDP}},2025-03-01 to 2026-02-28,CC6.1 / CC6.2 / CC6.3,Customers are responsible for enabling and enforcing the use of two-step verification on privileged administrator accounts.,AC-03 (MFA),Mapped,Critical: enforce hardware-key 2SV on all Super Admin and Delegated Admin accounts; verify in Admin Console.
{{IDP}},2025-03-01 to 2026-02-28,CC6.1 / CC6.2 / CC6.3,Customers are responsible for establishing procedures to allocate the initial password to access the {{IDP}} Application Programming Interfaces and Developer Offerings System to end-users when {{IDP}} password authentication is used.,AC-07 (provisioning),Mapped,Covered by onboarding runbook; new-hire receives temp password via secure channel and 2SV is required on first login.
{{IDP}},2025-03-01 to 2026-02-28,CC6.1 / CC6.2 / CC6.3,Customers are responsible for configuring third party Marketplace apps permissions in the {{IDP}} Services consistent with their policies.,AC-04 (Access Control Policy),Gap,Set Marketplace to admin-approved-only; document allowlist review cadence.
{{IDP}},2025-03-01 to 2026-02-28,CC6.1 / CC6.2 / CC6.3,Customers are responsible for restricting access to and monitoring the use of Application Programming Interfaces (APIs) available in the {{IDP}} Application Programming Interfaces and Developer Offerings System.,AC-04 (Access Control Policy),Gap,Review OAuth scopes and API access in Admin Console; restrict to admin-approved apps.
{{IDP}},2025-03-01 to 2026-02-28,CC6.1 / CC6.2 / CC6.3,Customers are responsible for configuring domain settings related to integration with other systems within the customer's environment consistent with customer policies.,AC-04 (Access Control Policy),Mapped,SAML/SSO and SPF/DKIM/DMARC documented in tenant baseline.
{{IDP}},2025-03-01 to 2026-02-28,CC6.1 / CC6.2 / CC6.3,Customers are responsible for ensuring that user data is exported and deleted from the {{IDP}} Application Programming Interfaces and Developer Offerings System before or within a reasonable amount of time after termination.,AC-08 (offboarding),Mapped,Add Takeout / Vault hold step to offboarding runbook with defined SLA.
{{IDP}},2025-03-01 to 2026-02-28,CC6.7 / CC6.8,Customers are responsible for ensuring appropriate physical security controls over all devices that access the {{IDP}} Application Programming Interfaces and Developer Offerings System.,AC-04 (Access Control Policy),Mapped,Covered by Asset Management / Device policy.
{{IDP}},2025-03-01 to 2026-02-28,CC6.7 / CC6.8,Customers are responsible for ensuring any devices that access the {{IDP}} Application Programming Interfaces and Developer Offerings System or contain customer data are properly handled secured and transported as defined by the products requirements.,AC-04 (Access Control Policy),Mapped,Covered by Device / Endpoint policy; MDM enrollment required.
{{IDP}},2025-03-01 to 2026-02-28,CC7.1,Customers are responsible for configuring the {{IDP}} Application Programming Interfaces and Developer Offerings System mobile device options consistent with customer policies and procedures.,AC-04 (Access Control Policy),Mapped,Configure {{IDP}} MDM / Endpoint Verification per device policy.
{{IDP}},2025-03-01 to 2026-02-28,CC7.1 / CC7.2 / CC7.3,Customers are responsible for enabling logging and monitoring functionalities to detect administrator activity customer support activity security events system errors and data deletions to support customer incident management processes.,AC-04 (Access Control Policy),Gap,Export Admin / Login / Drive / OAuth audit logs to Cloud Logging or SIEM; align retention to Logging Policy.
{{IDP}},2025-03-01 to 2026-02-28,CC7.1 / P7.1,Customers are responsible for considering information security requirements in the deployment configuration and modification of their instance of the {{IDP}} Application Programming Interfaces and Developer Offerings System.,AC-04 (Access Control Policy),Mapped,Tenant baseline documented; duplicate of CC1.5.
{{IDP}},2025-03-01 to 2026-02-28,CC7.1 / P7.1,Customers are responsible for establishing responsibilities and procedures to respond to relevant information security incidents pertaining to the use of the {{IDP}} Application Programming Interfaces and Developer Offerings System.,AC-04 (Access Control Policy),Mapped,Covered by Incident Response Policy.
{{IDP}},2025-03-01 to 2026-02-28,CC8.1,Customers are responsible for ensuring that individuals creating and/or updating profiles or changing the product configurations are authorized.,AC-04 (Access Control Policy),Mapped,Admin Console role-based access; covered by Access Control Policy.
{{IDP}},2025-03-01 to 2026-02-28,CC8.1,Customers are responsible for reviewing and testing features builds and product releases including Application Programming Interfaces (APIs) to evaluate their impact prior to deploying into production environments as applicable.,AC-04 (Access Control Policy),Mapped,Release Notes monitored; applies if customer deploys Apps Script in production.
{{IDP}},2025-03-01 to 2026-02-28,CC8.1,Customers are responsible for configuring test and/or development environments in their instance of the {{IDP}} Application Programming Interfaces and Developer Offerings System as applicable and restricting access to data in these environments.,AC-04 (Access Control Policy),N/A,No separate Workspace dev/test tenant.
{{IDP}},2025-03-01 to 2026-02-28,CC9.1 / CC9.2,Customers are responsible for ensuring they have business recovery and backup procedures over their non-{{IDP}} managed information systems that access the {{IDP}} Application Programming Interfaces and Developer Offerings System.,AC-04 (Access Control Policy),Mapped,Covered by BCP/DR Policy.
{{IDP}},2025-03-01 to 2026-02-28,CC9.1 / CC9.2,Customers are responsible for developing and maintaining disaster recovery and business continuity plans for their non-{{IDP}} managed business systems.,AC-04 (Access Control Policy),Mapped,Covered by BCP/DR Policy.
{{VCS}},2025-04-01 to 2025-09-30,"CC 6.1, CC 6.2",Enabling SAML for their Enterprise Cloud accounts.,Access Control Policy §2 (Identity Management); AC-04,Pending,"Confirm {{VCS}} Org SAML SSO is configured and bound to {{IDP}} IdP. Without SAML, MFA still flows through Workspace via OAuth but identity is not centrally managed."
{{VCS}},2025-04-01 to 2025-09-30,"CC 6.1, CC 6.2, CC 6.3",Enabling two-factor authentication and ensuring members and collaborators require two-factor authentication; this includes the implementation and management of personal access tokens.,AC-03 (MFA); Access Control Policy §7 (Service Accounts and API Keys),Pending,Verify Org → Settings → Authentication Security → require 2FA. Inventory PATs in Access Control Matrix; prefer fine-grained PATs with expiry over classic PATs.
{{VCS}},2025-04-01 to 2025-09-30,"CC 8.1, CC 5.3","Administering and configuring repositories, including permissions, enabling required reviews for pull requests, and enabling required status checks before merging.",Change Management Policy; CM-04 (PR approvals),Pending,"Verify branch protection on main + release branches: required reviewers, required status checks, linear history. Map to CM-XX evidence."
{{VCS}},2025-04-01 to 2025-09-30,"CC 6.1, CC 7.1, CC 8.1",Securing configuration of {{VCS}} CI/pipelines (see your {{VCS}} provider's CI security-hardening guide).,Secure Development Practices; Access Control Policy §7,Pending,Pin pipeline action/step versions to commit SHAs (not tags); restrict the CI job token's permissions; prefer OIDC federation to {{CLOUD_PROVIDER}} over long-lived CI secrets.
{{VCS}},2025-04-01 to 2025-09-30,"CC 6.1, CC 6.3","Manage user provisioning and deprovisioning (org members, outside collaborators).","AC-07 (provisioning), AC-08 (offboarding), Onboarding/Offboarding Checklists",Pending,Supports CUEC #1 (SAML)/#2 (2FA). {{VCS}} is in the Access Control Matrix; departures must remove org membership and revoke PATs.
{{VCS}},2025-04-01 to 2025-09-30,CC 7.1,Enable secret scanning and push protection across repositories.,Secure Development Practices; VM-04,Pending,Supports CUEC #3 (repo configuration). {{VCS}} Advanced Security or built-in scanning depending on plan.
{{VCS}},2025-04-01 to 2025-09-30,CC 7.1,Enable Dependabot alerts and security updates org-wide.,VM-02 (dependency scanning); Patch Management Policy,Pending,Supports CUEC #3. Alerts triaged per Patch Management Policy.
{{VCS}},2025-04-01 to 2025-09-30,"CC 7.2, CC 7.3",Review {{VCS}} audit log periodically; consider streaming to centralized log / SIEM.,IR Policy §1; Logging & Monitoring,Pending,Supports CUEC #3. Audit log streaming requires Enterprise tier.
{{VCS}},2025-04-01 to 2025-09-30,"CC 6.1, CC 5.1",Manage repository visibility (private vs public) and forking restrictions.,Information Classification Policy,Pending,Supports CUEC #3. Default private; restrict forks for repos with Restricted classification.
{{VCS}},2025-04-01 to 2025-09-30,CC 2.3,Report security issues with {{VCS}} services to {{VCS}} Support / Security Advisory channels.,IR Policy §3 (External reporting),Pending,Document {{VCS}} security contact and status page in IR runbook.
